{
  "Arica y Parinacota": {
    "Todas las causa ajustada": 519.3,
    "Enfermedades sistema circulatorio": 108.28930794645284,
    "Tumores": 120.51201056875624,
    "Traumatismos y envenenamiento": 31.41360950927504,
    "Enfermedad isquémica": 28.150629817295616,
    "Enfermedad cerebrovascular": 32.21759285742584,
    "Accidentes de tránsito": 19.169129981845693
  },
  "Tarapacá": {
    "Todas las causa ajustada": 533,
    "Enfermedades sistema circulatorio": 127.21922817350504,
    "Tumores": 132.32897548117404,
    "Traumatismos y envenenamiento": 28.122446747535026,
    "Enfermedad isquémica": 37.88103795440857,
    "Enfermedad cerebrovascular": 45.35150156361696,
    "Accidentes de tránsito": 17.0225725282212
  },
  "Antofagasta": {
    "Todas las causa ajustada": 576.1,
    "Enfermedades sistema circulatorio": 128.4855216821965,
    "Tumores": 167.63795836062116,
    "Traumatismos y envenenamiento": 28.161184523566686,
    "Enfermedad isquémica": 38.79958210469169,
    "Enfermedad cerebrovascular": 43.25938421433358,
    "Accidentes de tránsito": 14.905494954525174
  },
  "Atacama": {
    "Todas las causa ajustada": 512.5,
    "Enfermedades sistema circulatorio": 130.12801558663008,
    "Tumores": 116.16631604316142,
    "Traumatismos y envenenamiento": 29.780524650607955,
    "Enfermedad isquémica": 30.83901363376468,
    "Enfermedad cerebrovascular": 48.82395795047276,
    "Accidentes de tránsito": 13.641346700654793
  },
  "Coquimbo": {
    "Todas las causa ajustada": 478.2,
    "Enfermedades sistema circulatorio": 119.69869125418094,
    "Tumores": 123.58546404447685,
    "Traumatismos y envenenamiento": 27.198390524582656,
    "Enfermedad isquémica": 34.605030452801486,
    "Enfermedad cerebrovascular": 36.739532690605586,
    "Accidentes de tránsito": 12.508963101171386
  },
  "Valparaíso": {
    "Todas las causa ajustada": 523.4,
    "Enfermedades sistema circulatorio": 146.2041496808775,
    "Tumores": 131.7990613100513,
    "Traumatismos y envenenamiento": 28.617726464542375,
    "Enfermedad isquémica": 50.01459012696329,
    "Enfermedad cerebrovascular": 47.81076240303949,
    "Accidentes de tránsito": 9.385297449766634
  },
  "Libertador Gral. Bernardo O'Higgins": {
    "Todas las causa ajustada": 528.4,
    "Enfermedades sistema circulatorio": 136.19153150387123,
    "Tumores": 116.69582894409938,
    "Traumatismos y envenenamiento": 35.12033771362855,
    "Enfermedad isquémica": 42.516721292327304,
    "Enfermedad cerebrovascular": 43.20222350829542,
    "Accidentes de tránsito": 16.944519900642504
  },
  "Maule": {
    "Todas las causa ajustada": 564.2,
    "Enfermedades sistema circulatorio": 152.26480628058556,
    "Tumores": 132.8945384462067,
    "Traumatismos y envenenamiento": 41.98585419020598,
    "Enfermedad isquémica": 44.052998189909175,
    "Enfermedad cerebrovascular": 53.60395669527855,
    "Accidentes de tránsito": 18.1229905521446
  },
  "Biobío": {
    "Todas las causa ajustada": 539.5,
    "Enfermedades sistema circulatorio": 139.91789483984752,
    "Tumores": 135.7490726914438,
    "Traumatismos y envenenamiento": 34.13118989956193,
    "Enfermedad isquémica": 40.88047530120586,
    "Enfermedad cerebrovascular": 52.37164441888386,
    "Accidentes de tránsito": 14.603607092873773
  },
  "Araucania": {
    "Todas las causa ajustada": 554.3,
    "Enfermedades sistema circulatorio": 130.12632988828506,
    "Tumores": 137.89412158072514,
    "Traumatismos y envenenamiento": 41.75591417816586,
    "Enfermedad isquémica": 31.873365815447293,
    "Enfermedad cerebrovascular": 47.76408803402315,
    "Accidentes de tránsito": 16.309111687083444
  },
  "Los Ríos": {
    "Todas las causa ajustada": 581.5,
    "Enfermedades sistema circulatorio": 140.69927025709345,
    "Tumores": 141.33424054980097,
    "Traumatismos y envenenamiento": 39.084934348371334,
    "Enfermedad isquémica": 39.30815450163965,
    "Enfermedad cerebrovascular": 46.462673198991084,
    "Accidentes de tránsito": 13.662187075966195
  },
  "Los Lagos": {
    "Todas las causa ajustada": 572.3,
    "Enfermedades sistema circulatorio": 137.9271845181314,
    "Tumores": 139.22682149314684,
    "Traumatismos y envenenamiento": 45.35174733544777,
    "Enfermedad isquémica": 37.708241652729896,
    "Enfermedad cerebrovascular": 44.195861027003744,
    "Accidentes de tránsito": 15.501610897856798
  },
  "Aysén del Gral. Carlos Ibáñez del Campo": {
    "Todas las causa ajustada": 659,
    "Enfermedades sistema circulatorio": 175.52266088843066,
    "Tumores": 162.3659847111999,
    "Traumatismos y envenenamiento": 58.83874191506007,
    "Enfermedad isquémica": 54.13850175284218,
    "Enfermedad cerebrovascular": 51.65239252449642,
    "Accidentes de tránsito": 14.610536432144132
  },
  "Magallanes y de la Antártica Chilena": {
    "Todas las causa ajustada": 590.8,
    "Enfermedades sistema circulatorio": 170.04974507313221,
    "Tumores": 141.38319237225323,
    "Traumatismos y envenenamiento": 39.9327191669836,
    "Enfermedad isquémica": 61.65005061281143,
    "Enfermedad cerebrovascular": 40.16234795550818,
    "Accidentes de tránsito": 16.13582926979705
  },
  "Metropolitana": {
    "Todas las causa ajustada": 507.2,
    "Enfermedades sistema circulatorio": 133.7758407071992,
    "Tumores": 126.13450332318718,
    "Traumatismos y envenenamiento": 28.325713694596615,
    "Enfermedad isquémica": 37.28204460478112,
    "Enfermedad cerebrovascular": 42.61870222238902,
    "Accidentes de tránsito": 9.15157818351534
  },
  "PAÍS": {
    "Todas las causa ajustada": 527.6,
    "Enfermedades sistema circulatorio": 136.81315282671432,
    "Tumores": 130.55366286625207,
    "Traumatismos y envenenamiento": 32.28925282281779,
    "Enfermedad isquémica": 39.76131461653726,
    "Enfermedad cerebrovascular": 45.409823155032754,
    "Accidentes de tránsito": 12.288285104240014
  }
}